946684802,527,01,00,00,01,linea_basal
1687173001,527,01,00,04,15,linea_basal
1687177563,527,02,00,04,15,linea_basal
1687179217,527,03,00,04,15,linea_basal
1687179295,527,04,00,04,15,linea_basal
1687182099,527,05,00,03,15,linea_basal
1687182153,527,06,00,03,15,linea_basal
1687182258,527,07,00,04,15,linea_basal
1687182303,527,08,00,03,15,linea_basal
1687184389,527,09,00,03,15,linea_basal
1687184585,527,10,00,03,15,linea_basal
1687186114,527,11,00,03,15,linea_basal
1687186297,527,12,00,04,15,linea_basal
1687186626,527,13,00,04,15,linea_basal
1687186747,527,14,00,03,15,linea_basal
1687187755,527,15,00,03,15,linea_basal
1687189377,527,16,00,03,15,linea_basal
1687191210,527,17,00,03,15,linea_basal
1687194396,527,18,00,03,15,linea_basal
1687196537,527,19,00,03,15,linea_basal
1687196787,527,20,00,03,15,linea_basal
1687196841,527,21,00,03,15,linea_basal
1687196948,527,22,00,03,15,linea_basal
1687197887,527,23,00,03,15,linea_basal
1687203417,527,24,00,03,15,linea_basal
1687204735,527,25,00,03,15,linea_basal
1687204874,527,26,00,03,15,linea_basal
1687205240,527,27,00,03,15,linea_basal
1687206842,527,28,00,03,15,linea_basal
1687209722,527,29,00,03,15,linea_basal
1687209883,527,30,00,03,15,linea_basal
1687210046,527,31,00,03,15,linea_basal
1687210508,527,32,00,03,15,linea_basal
1687210547,527,33,00,03,15,linea_basal
1687210549,527,34,00,03,15,linea_basal
1687210554,527,35,00,03,15,linea_basal
1687210600,527,36,00,03,15,linea_basal
1687213639,527,37,00,03,15,linea_basal
1687213841,527,38,00,03,15,linea_basal
1687214005,527,39,00,03,15,linea_basal
1687214071,527,40,00,03,15,linea_basal
1687214378,527,41,00,03,15,linea_basal
1687215905,527,42,00,03,15,linea_basal
1687215980,527,43,00,03,15,linea_basal
1687216194,527,44,00,03,15,linea_basal
1687216308,527,45,00,03,15,linea_basal
1687216378,527,46,00,03,15,linea_basal
1687216426,527,47,00,03,15,linea_basal
1687216739,527,48,00,03,15,linea_basal
1687216837,527,49,00,03,15,linea_basal
1687216980,527,50,00,03,15,linea_basal
1687218524,527,51,00,03,15,linea_basal
1687218553,527,52,00,03,15,linea_basal
1687218585,527,53,00,03,15,linea_basal
1687220437,527,54,00,03,15,linea_basal
1687220478,527,55,00,03,15,linea_basal
1687220541,527,56,00,03,15,linea_basal
1687225283,527,57,00,03,15,linea_basal
1687225358,527,58,00,03,15,linea_basal
1687235429,527,59,00,03,15,linea_basal
1687235510,527,60,00,03,15,linea_basal
1687235552,527,61,00,03,15,linea_basal
1687235598,527,62,00,03,15,linea_basal
1687242100,527,63,00,03,15,linea_basal
1687242161,527,64,00,03,15,linea_basal
1687242206,527,65,00,03,15,linea_basal
1687242269,527,66,00,03,15,linea_basal
1687247896,527,67,00,03,15,linea_basal
1687247982,527,68,00,03,15,linea_basal
1687248046,527,69,00,03,15,linea_basal
1687251449,527,70,00,03,15,linea_basal
1687254685,527,71,00,03,15,linea_basal
1687254730,527,72,00,03,15,linea_basal
1687254755,527,73,00,03,15,linea_basal
1687254791,527,74,00,03,15,linea_basal
1687259875,527,75,00,03,15,linea_basal
1687260703,527,76,00,03,15,linea_basal
1687260827,527,77,00,03,15,linea_basal
1687260859,527,78,00,03,15,linea_basal
1687264336,527,79,00,03,15,linea_basal
1687265749,527,01,00,00,01,linea_basal
1687265752,527,01,00,00,01,linea_basal
1687265757,527,01,00,00,01,linea_basal
1687274818,527,01,00,03,15,linea_basal
1687274862,527,02,00,03,15,linea_basal
1687274933,527,03,00,03,15,linea_basal
1687274965,527,04,00,03,15,linea_basal
1687275180,527,05,00,03,15,linea_basal
1687276029,527,06,00,03,15,linea_basal
1687276199,527,07,00,03,15,linea_basal
946684813,527,01,00,03,01,linea_basal
1687337592,527,01,00,00,01,linea_basal
1687339139,527,02,00,04,01,linea_basal
1687339330,527,03,00,04,01,linea_basal
1687340910,527,04,00,04,01,linea_basal
1687343585,527,05,00,04,01,linea_basal
1687343628,527,06,00,04,01,linea_basal
1687343636,527,07,00,04,01,linea_basal
1687343682,527,08,00,04,01,linea_basal
1687343758,527,09,00,04,01,linea_basal
1687343804,527,10,00,04,01,linea_basal
1687343830,527,11,00,04,01,linea_basal
1687346710,527,12,00,04,01,linea_basal
1687348280,527,13,00,04,01,linea_basal
1687351803,527,14,00,04,15,linea_basal
1687352101,527,15,00,04,15,linea_basal
1687353831,527,16,00,04,15,linea_basal
1687353878,527,17,00,04,15,linea_basal
1687355286,527,18,00,04,15,linea_basal
1687355465,527,19,00,04,15,linea_basal
1687355511,527,20,00,04,15,linea_basal
1687357012,527,21,00,04,15,linea_basal
1687357058,527,22,00,04,15,linea_basal
1687357134,527,23,00,04,15,linea_basal
1687357527,527,24,00,04,15,linea_basal
1687358226,527,25,00,04,15,linea_basal
1687359822,527,26,00,04,15,linea_basal
1687359875,527,27,00,04,15,linea_basal
1687359931,527,28,00,04,15,linea_basal
1687359976,527,29,00,04,15,linea_basal
1687360025,527,30,00,04,15,linea_basal
1687360085,527,31,00,04,15,linea_basal
1687360524,527,32,00,04,15,linea_basal
1687360779,527,33,00,04,15,linea_basal
1687362938,527,34,00,04,15,linea_basal
1687362979,527,35,00,04,15,linea_basal
1687363024,527,36,00,04,15,linea_basal
1687363072,527,37,00,04,15,linea_basal
1687364379,527,38,00,04,15,linea_basal
1687364623,527,39,00,04,15,linea_basal
1687364681,527,40,00,04,15,linea_basal
1687366094,527,41,00,04,15,linea_basal
1687366559,527,42,00,04,15,linea_basal
1687366600,527,43,00,04,15,linea_basal
1687366636,527,44,00,04,15,linea_basal
1687367315,527,45,00,04,15,linea_basal
1687368301,527,46,00,04,15,linea_basal
1687368335,527,47,00,04,15,linea_basal
1687371594,527,48,00,04,15,linea_basal
1687371643,527,49,00,04,15,linea_basal
1687371674,527,50,00,04,15,linea_basal
1687371718,527,51,00,04,15,linea_basal
1687372895,527,52,00,04,15,linea_basal
1687372936,527,53,00,04,15,linea_basal
1687372983,527,54,00,04,15,linea_basal
1687377422,527,55,00,04,15,linea_basal
1687377489,527,56,00,04,15,linea_basal
1687377533,527,57,00,04,15,linea_basal
1687380609,527,58,00,04,15,linea_basal
1687381559,527,59,00,04,15,linea_basal
1687381592,527,60,00,04,15,linea_basal
1687381670,527,61,00,04,15,linea_basal
1687384849,527,62,00,04,15,linea_basal
1687384902,527,63,00,04,15,linea_basal
1687385164,527,64,00,04,15,linea_basal
1687385243,527,65,00,04,15,linea_basal
1687385320,527,66,00,04,15,linea_basal
1687385824,527,67,00,04,15,linea_basal
1687387393,527,68,00,04,15,linea_basal
1687387544,527,69,00,04,15,linea_basal
1687387677,527,70,00,04,15,linea_basal
1687387937,527,71,00,04,15,linea_basal
1687388190,527,72,00,04,15,linea_basal
1687388224,527,73,00,04,15,linea_basal
1687388261,527,74,00,04,15,linea_basal
1687388309,527,75,00,04,15,linea_basal
1687388343,527,76,00,04,15,linea_basal
1687388857,527,77,00,04,15,linea_basal
1687389016,527,78,00,04,15,linea_basal
1687392504,527,79,00,04,15,linea_basal
1687409701,527,80,00,04,15,linea_basal
1687409705,527,81,00,04,15,linea_basal
1687409726,527,82,00,04,15,linea_basal
1687409765,527,83,00,04,15,linea_basal
1687409805,527,84,00,04,15,linea_basal
1687409837,527,85,00,04,15,linea_basal
1687414911,527,86,00,04,15,linea_basal
1687430560,527,87,00,04,15,linea_basal
1687431746,527,88,00,04,15,linea_basal
1687431790,527,89,00,04,15,linea_basal
1687431867,527,90,00,04,15,linea_basal
1687432170,527,91,00,04,15,linea_basal
1687435034,527,92,00,04,15,linea_basal
1687436254,527,93,00,04,15,linea_basal
1687436649,527,94,00,04,15,linea_basal
1687438327,527,95,00,04,15,linea_basal
946684813,527,01,00,04,01,linea_basal
946684822,527,02,00,04,01,linea_basal
946684830,527,03,00,04,01,linea_basal
946684832,527,04,00,04,01,linea_basal
946684839,527,05,00,04,01,linea_basal
946684841,527,06,00,04,01,linea_basal
946684885,527,07,00,04,01,linea_basal
946684887,527,08,00,04,01,linea_basal
946684890,527,09,00,04,01,linea_basal
946684902,527,10,00,04,01,linea_basal
946684908,527,11,00,04,01,linea_basal
946684916,527,12,00,04,01,linea_basal
946684919,527,13,00,04,01,linea_basal
946684803,527,01,00,00,01,linea_basal
1687508268,527,01,00,00,01,linea_basal
1687508333,527,02,00,04,01,linea_basal
1687508554,527,03,00,04,01,linea_basal
1687509447,527,04,00,04,01,linea_basal
1687509454,527,05,00,04,01,linea_basal
1687511892,527,06,00,04,01,linea_basal
1687512023,527,07,00,04,01,linea_basal
1687512081,527,08,00,04,01,linea_basal
1687512316,527,09,00,04,01,linea_basal
1687516002,527,10,00,04,01,linea_basal
1687516035,527,11,00,04,01,linea_basal
1687516114,527,12,00,04,01,linea_basal
1687516129,527,13,00,04,01,linea_basal
1687519253,527,14,00,04,01,linea_basal
1687519487,527,15,00,04,01,linea_basal
1687519499,527,16,00,04,01,linea_basal
1687519542,527,17,00,04,01,linea_basal
1687522625,527,18,00,04,15,linea_basal
1687523112,527,19,00,04,15,linea_basal
1687523749,527,20,00,04,15,linea_basal
1687525999,527,21,00,04,15,linea_basal
1687526126,527,22,00,04,15,linea_basal
1687526885,527,23,00,04,15,linea_basal
1687527945,527,24,00,04,15,linea_basal
1687528159,527,25,00,04,15,linea_basal
1687528509,527,26,00,04,15,linea_basal
1687529082,527,27,00,04,15,linea_basal
1687530104,527,28,00,04,15,linea_basal
1687530360,527,29,00,04,15,linea_basal
1687530725,527,30,00,04,15,linea_basal
1687530752,527,31,00,04,15,linea_basal
1687531626,527,32,00,04,15,linea_basal
1687532025,527,33,00,04,15,linea_basal
1687532172,527,34,00,04,15,linea_basal
1687532221,527,35,00,04,15,linea_basal
1687532261,527,36,00,04,15,linea_basal
1687532289,527,37,00,04,15,linea_basal
1687532427,527,38,00,04,15,linea_basal
1687533134,527,39,00,04,15,linea_basal
1687534809,527,40,00,04,15,linea_basal
1687534915,527,41,00,04,15,linea_basal
1687535007,527,42,00,04,15,linea_basal
1687535512,527,43,00,04,15,linea_basal
1687536326,527,44,00,04,15,linea_basal
1687537452,527,45,00,04,15,linea_basal
1687538077,527,46,00,04,15,linea_basal
1687538077,527,47,00,04,15,linea_basal
1687538165,527,48,00,04,15,linea_basal
1687539483,527,49,00,04,15,linea_basal
1687539740,527,50,00,04,15,linea_basal
1687540003,527,51,00,04,15,linea_basal
1687540105,527,52,00,04,15,linea_basal
1687540149,527,53,00,04,15,linea_basal
1687540222,527,54,00,04,15,linea_basal
1687540279,527,55,00,04,15,linea_basal
1687540778,527,56,00,04,15,linea_basal
1687540851,527,57,00,04,15,linea_basal
1687540879,527,58,00,04,15,linea_basal
1687540953,527,59,00,04,15,linea_basal
1687541022,527,60,00,04,15,linea_basal
1687542148,527,61,00,04,15,linea_basal
1687542760,527,62,00,04,15,linea_basal
1687543345,527,63,00,04,15,linea_basal
1687543388,527,64,00,04,15,linea_basal
1687543445,527,65,00,04,15,linea_basal
1687543516,527,66,00,04,15,linea_basal
1687543693,527,67,00,04,15,linea_basal
1687545082,527,68,00,04,15,linea_basal
1687545833,527,69,00,04,15,linea_basal
1687545903,527,70,00,04,15,linea_basal
1687546012,527,71,00,04,15,linea_basal
1687546074,527,72,00,04,15,linea_basal
1687547168,527,73,00,04,15,linea_basal
1687547363,527,74,00,04,15,linea_basal
1687548672,527,75,00,04,15,linea_basal
1687548722,527,76,00,04,15,linea_basal
1687548726,527,77,00,04,15,linea_basal
1687548789,527,78,00,04,15,linea_basal
1687550974,527,79,00,04,15,linea_basal
1687551088,527,80,00,04,15,linea_basal
1687551237,527,81,00,04,15,linea_basal
1687552847,527,82,00,04,15,linea_basal
1687553008,527,83,00,04,15,linea_basal
1687553705,527,84,00,04,15,linea_basal
1687553804,527,85,00,04,15,linea_basal
1687554576,527,86,00,04,15,linea_basal
1687556315,527,87,00,04,15,linea_basal
1687556392,527,88,00,04,15,linea_basal
1687556450,527,89,00,04,15,linea_basal
1687556572,527,90,00,04,15,linea_basal
1687556980,527,91,00,04,15,linea_basal
1687557035,527,92,00,04,15,linea_basal
1687557070,527,93,00,04,15,linea_basal
1687557139,527,94,00,04,15,linea_basal
1687558191,527,95,00,04,15,linea_basal
1687560359,527,96,00,04,15,linea_basal
1687560458,527,97,00,04,15,linea_basal
1687561483,527,98,00,04,15,linea_basal
1687561693,527,99,00,04,15,linea_basal
1687561784,527,100,00,04,15,linea_basal
1687561807,527,101,00,04,15,linea_basal
1687564142,527,102,00,04,15,linea_basal
1687564499,527,103,00,04,15,linea_basal
1687564529,527,104,00,04,15,linea_basal
1687566393,527,105,00,04,15,linea_basal
1687566735,527,106,00,04,15,linea_basal
1687595928,527,107,00,04,15,linea_basal
1687599995,527,108,00,04,15,linea_basal
1687600015,527,109,00,04,15,linea_basal
1687600072,527,110,00,04,15,linea_basal
1687604798,527,111,00,04,15,linea_basal
1687606212,527,112,00,04,15,linea_basal
1687606263,527,113,00,04,15,linea_basal
1687606301,527,114,00,04,15,linea_basal
1687606350,527,115,00,04,15,linea_basal
1687606406,527,116,00,04,15,linea_basal
1687606431,527,117,00,04,15,linea_basal
1687606469,527,118,00,04,15,linea_basal
1687611140,527,119,00,04,15,linea_basal
1687611195,527,120,00,04,15,linea_basal
1687611281,527,121,00,04,15,linea_basal
946684806,527,01,00,04,01,linea_basal
1687683452,527,01,00,04,01,linea_basal
1687683691,527,02,00,04,01,linea_basal
1687685283,527,03,00,04,01,linea_basal
1687685382,527,04,00,04,01,linea_basal
1687685450,527,05,00,04,01,linea_basal
1687686634,527,06,00,04,01,linea_basal
1687688533,527,07,00,04,01,linea_basal
1687688852,527,08,00,04,01,linea_basal
1687690396,527,09,00,04,01,linea_basal
1687690493,527,10,00,04,01,linea_basal
1687693031,527,11,00,04,01,linea_basal
1687693087,527,12,00,04,01,linea_basal
1687693126,527,13,00,04,01,linea_basal
1687693259,527,14,00,04,01,linea_basal
1687694500,527,15,00,04,15,linea_basal
1687694553,527,16,00,04,15,linea_basal
1687696703,527,17,00,04,15,linea_basal
1687697296,527,18,00,04,15,linea_basal
1687697342,527,19,00,04,15,linea_basal
1687697377,527,20,00,04,15,linea_basal
1687697942,527,21,00,04,15,linea_basal
1687699892,527,22,00,04,15,linea_basal
1687700036,527,23,00,04,15,linea_basal
1687701570,527,24,00,04,15,linea_basal
1687702286,527,25,00,04,15,linea_basal
1687702369,527,26,00,04,15,linea_basal
1687703326,527,27,00,04,15,linea_basal
1687703749,527,28,00,04,15,linea_basal
1687703863,527,29,00,04,15,linea_basal
1687703918,527,30,00,04,15,linea_basal
1687704694,527,31,00,04,15,linea_basal
1687704820,527,32,00,04,15,linea_basal
1687705130,527,33,00,04,15,linea_basal
1687705292,527,34,00,04,15,linea_basal
1687705342,527,35,00,04,15,linea_basal
1687705563,527,36,00,04,15,linea_basal
1687705595,527,37,00,04,15,linea_basal
1687706982,527,38,00,04,15,linea_basal
1687707026,527,39,00,04,15,linea_basal
1687707073,527,40,00,04,15,linea_basal
1687707117,527,41,00,04,15,linea_basal
1687707264,527,42,00,04,15,linea_basal
1687708173,527,43,00,04,15,linea_basal
1687708303,527,44,00,04,15,linea_basal
1687709775,527,45,00,04,15,linea_basal
1687709875,527,46,00,04,15,linea_basal
1687709978,527,47,00,04,15,linea_basal
1687711015,527,48,00,04,15,linea_basal
1687711112,527,49,00,04,15,linea_basal
1687711216,527,50,00,04,15,linea_basal
1687711295,527,51,00,04,15,linea_basal
1687712276,527,52,00,04,15,linea_basal
1687712321,527,53,00,04,15,linea_basal
1687713097,527,54,00,04,15,linea_basal
1687713199,527,55,00,04,15,linea_basal
1687716345,527,56,00,04,15,linea_basal
1687716483,527,57,00,04,15,linea_basal
1687716565,527,58,00,04,15,linea_basal
1687716969,527,59,00,04,15,linea_basal
1687718356,527,60,00,04,15,linea_basal
1687718754,527,61,00,04,15,linea_basal
1687718992,527,62,00,04,15,linea_basal
1687719030,527,63,00,04,15,linea_basal
1687719244,527,64,00,04,15,linea_basal
1687719624,527,65,00,04,15,linea_basal
1687719721,527,66,00,04,15,linea_basal
1687719827,527,67,00,04,15,linea_basal
1687720930,527,68,00,04,15,linea_basal
1687721605,527,69,00,04,15,linea_basal
1687721813,527,70,00,04,15,linea_basal
1687723234,527,71,00,04,15,linea_basal
1687723238,527,72,00,04,15,linea_basal
1687724413,527,73,00,04,15,linea_basal
1687724485,527,74,00,04,15,linea_basal
1687724544,527,75,00,04,15,linea_basal
1687724852,527,76,00,04,15,linea_basal
1687726832,527,77,00,04,15,linea_basal
1687726836,527,78,00,04,15,linea_basal
1687726951,527,79,00,04,15,linea_basal
1687727417,527,80,00,04,15,linea_basal
1687729306,527,81,00,04,15,linea_basal
1687729550,527,82,00,04,15,linea_basal
1687729607,527,83,00,04,15,linea_basal
1687731320,527,84,00,04,15,linea_basal
1687731499,527,85,00,04,15,linea_basal
1687731592,527,86,00,04,15,linea_basal
1687733929,527,87,00,04,15,linea_basal
1687734072,527,88,00,04,15,linea_basal
1687734193,527,89,00,04,15,linea_basal
1687734756,527,90,00,04,15,linea_basal
1687734892,527,91,00,04,15,linea_basal
1687736727,527,92,00,04,15,linea_basal
1687736854,527,93,00,04,15,linea_basal
1687736918,527,94,00,04,15,linea_basal
1687736984,527,95,00,04,15,linea_basal
1687737079,527,96,00,04,15,linea_basal
1687737102,527,97,00,04,15,linea_basal
1687738051,527,98,00,04,15,linea_basal
1687741422,527,99,00,04,15,linea_basal
1687741650,527,100,00,04,15,linea_basal
1687761291,527,101,00,04,15,linea_basal
1687764939,527,102,00,03,15,linea_basal
1687765139,527,103,00,03,15,linea_basal
1687768109,527,104,00,03,15,linea_basal
1687768514,527,105,00,03,15,linea_basal
1687768551,527,106,00,03,15,linea_basal
1687772723,527,107,00,03,15,linea_basal
1687772780,527,108,00,03,15,linea_basal
1687772870,527,109,00,03,15,linea_basal
1687776385,527,110,00,03,15,linea_basal
1687776525,527,111,00,03,15,linea_basal
1687776651,527,112,00,03,15,linea_basal
1687776685,527,113,00,03,15,linea_basal
1687780171,527,114,00,03,15,linea_basal
1687780264,527,115,00,03,15,linea_basal
1687780508,527,116,00,03,15,linea_basal
1687780555,527,117,00,03,15,linea_basal
946684801,527,01,00,00,01,linea_basal
1687855820,527,01,00,04,01,linea_basal
1687856405,527,02,00,04,01,linea_basal
1687859317,527,03,00,04,01,linea_basal
1687860418,527,04,00,04,01,linea_basal
1687860456,527,05,00,04,01,linea_basal
1687860539,527,06,00,04,01,linea_basal
1687863323,527,07,00,04,01,linea_basal
1687863328,527,08,00,04,01,linea_basal
1687865963,527,09,00,04,01,linea_basal
1687866151,527,10,00,04,01,linea_basal
1687866192,527,11,00,04,01,linea_basal
1687866218,527,12,00,04,01,linea_basal
1687868578,527,13,00,04,15,linea_basal
1687869696,527,14,00,04,15,linea_basal
1687871101,527,15,00,04,15,linea_basal
1687871247,527,16,00,04,15,linea_basal
1687871930,527,17,00,04,15,linea_basal
1687872967,527,18,00,04,15,linea_basal
1687873210,527,19,00,04,15,linea_basal
1687873350,527,20,00,04,15,linea_basal
1687874492,527,21,00,04,15,linea_basal
1687874992,527,22,00,04,15,linea_basal
1687875120,527,23,00,04,15,linea_basal
1687875361,527,24,00,04,15,linea_basal
1687875821,527,25,00,04,15,linea_basal
1687876929,527,26,00,04,15,linea_basal
1687877460,527,27,00,04,15,linea_basal
1687877898,527,28,00,04,15,linea_basal
1687879074,527,29,00,04,15,linea_basal
1687879235,527,30,00,04,15,linea_basal
1687879343,527,31,00,04,15,linea_basal
1687879755,527,32,00,04,15,linea_basal
1687879796,527,33,00,04,15,linea_basal
1687879834,527,34,00,04,15,linea_basal
1687879877,527,35,00,04,15,linea_basal
1687880219,527,36,00,04,15,linea_basal
1687881133,527,37,00,04,15,linea_basal
1687881296,527,38,00,04,15,linea_basal
1687881339,527,39,00,04,15,linea_basal
1687881740,527,40,00,04,15,linea_basal
1687882790,527,41,00,04,15,linea_basal
1687882910,527,42,00,04,15,linea_basal
1687882966,527,43,00,04,15,linea_basal
1687884294,527,44,00,04,15,linea_basal
1687884355,527,45,00,04,15,linea_basal
1687884432,527,46,00,04,15,linea_basal
1687884634,527,47,00,04,15,linea_basal
1687885667,527,48,00,04,15,linea_basal
1687885703,527,49,00,04,15,linea_basal
1687885751,527,50,00,04,15,linea_basal
1687887728,527,51,00,04,15,linea_basal
1687887764,527,52,00,04,15,linea_basal
1687887844,527,53,00,04,15,linea_basal
1687888038,527,54,00,04,15,linea_basal
1687888577,527,55,00,04,15,linea_basal
1687889092,527,56,00,04,15,linea_basal
1687889179,527,57,00,04,15,linea_basal
1687889206,527,58,00,04,15,linea_basal
1687889256,527,59,00,04,15,linea_basal
1687891483,527,60,00,04,15,linea_basal
1687892281,527,61,00,04,15,linea_basal
1687892424,527,62,00,04,15,linea_basal
1687893806,527,63,00,04,15,linea_basal
1687894433,527,64,00,04,15,linea_basal
1687894626,527,65,00,04,15,linea_basal
1687894718,527,66,00,04,15,linea_basal
1687894744,527,67,00,04,15,linea_basal
1687894781,527,68,00,04,15,linea_basal
1687894819,527,69,00,04,15,linea_basal
1687895015,527,70,00,04,15,linea_basal
1687897411,527,71,00,04,15,linea_basal
1687898525,527,72,00,04,15,linea_basal
1687898656,527,73,00,04,15,linea_basal
1687898741,527,74,00,04,15,linea_basal
1687898771,527,75,00,04,15,linea_basal
1687898802,527,76,00,04,15,linea_basal
1687901554,527,77,00,04,15,linea_basal
1687901813,527,78,00,04,15,linea_basal
1687901873,527,79,00,04,15,linea_basal
1687902009,527,80,00,04,15,linea_basal
1687903927,527,81,00,04,15,linea_basal
1687904464,527,82,00,04,15,linea_basal
1687904541,527,83,00,04,15,linea_basal
1687904577,527,84,00,04,15,linea_basal
1687904669,527,85,00,04,15,linea_basal
1687904746,527,86,00,04,15,linea_basal
1687905672,527,87,00,04,15,linea_basal
1687905758,527,88,00,04,15,linea_basal
1687905953,527,89,00,04,15,linea_basal
1687906162,527,90,00,04,15,linea_basal
1687906191,527,91,00,04,15,linea_basal
1687908107,527,92,00,04,15,linea_basal
1687908339,527,93,00,04,15,linea_basal
1687908413,527,94,00,04,15,linea_basal
1687908480,527,95,00,04,15,linea_basal
1687908521,527,96,00,04,15,linea_basal
1687910564,527,97,00,04,15,linea_basal
1687914216,527,98,00,04,15,linea_basal
1687930867,527,99,00,04,15,linea_basal
1687930893,527,100,00,04,15,linea_basal
1687931248,527,101,00,04,15,linea_basal
1687940664,527,102,00,04,15,linea_basal
1687940699,527,103,00,04,15,linea_basal
1687940753,527,104,00,04,15,linea_basal
1687940795,527,105,00,04,15,linea_basal
1687940847,527,106,00,04,15,linea_basal
1687945007,527,107,00,04,15,linea_basal
1687947431,527,108,00,04,15,linea_basal
1687948557,527,109,00,04,15,linea_basal
1687948819,527,110,00,04,15,linea_basal
1687948856,527,111,00,04,15,linea_basal
1687951541,527,112,00,04,15,linea_basal
1687951576,527,113,00,04,15,linea_basal
1687951617,527,114,00,04,15,linea_basal
1687951655,527,115,00,04,15,linea_basal
1687951688,527,116,00,04,15,linea_basal
1687953905,527,117,00,04,15,linea_basal
1687954005,527,118,00,04,15,linea_basal
1687954080,527,119,00,04,15,linea_basal
1687954105,527,120,00,04,15,linea_basal
1687956248,527,121,00,04,15,linea_basal
1687956347,527,122,00,04,15,linea_basal
946684802,527,01,00,00,01,linea_basal
946684804,527,01,00,04,01,linea_basal
1688027860,527,01,00,00,01,linea_basal
1688027887,527,02,00,04,01,linea_basal
1688028299,527,03,00,04,01,linea_basal
1688028585,527,04,00,04,01,linea_basal
1688028980,527,05,00,04,01,linea_basal
1688031116,527,06,00,04,01,linea_basal
1688031738,527,07,00,04,01,linea_basal
1688034244,527,08,00,04,01,linea_basal
1688034359,527,09,00,04,01,linea_basal
1688034636,527,10,00,04,01,linea_basal
1688035595,527,11,00,04,01,linea_basal
1688035648,527,12,00,04,01,linea_basal
1688035900,527,13,00,04,01,linea_basal
1688035933,527,14,00,04,01,linea_basal
1688039677,527,15,00,04,01,linea_basal
1688040653,527,16,00,04,15,linea_basal
1688040769,527,17,00,04,15,linea_basal
1688041047,527,18,00,04,15,linea_basal
1688041083,527,19,00,04,15,linea_basal
1688041381,527,20,00,04,15,linea_basal
1688044068,527,21,00,04,15,linea_basal
1688046934,527,22,00,04,15,linea_basal
1688049397,527,23,00,04,15,linea_basal
1688050339,527,24,00,04,15,linea_basal
1688052053,527,25,00,04,15,linea_basal
1688055561,527,26,00,04,15,linea_basal
1688055983,527,27,00,04,15,linea_basal
1688056009,527,28,00,04,15,linea_basal
1688058306,527,29,00,04,15,linea_basal
1688059037,527,30,00,04,15,linea_basal
1688059092,527,31,00,04,15,linea_basal
1688061873,527,32,00,04,15,linea_basal
1688061931,527,33,00,04,15,linea_basal
1688061980,527,34,00,04,15,linea_basal
1688062040,527,35,00,04,15,linea_basal
1688062145,527,36,00,04,15,linea_basal
1688062165,527,37,00,04,15,linea_basal
1688062216,527,38,00,04,15,linea_basal
1688062444,527,39,00,04,15,linea_basal
1688062577,527,40,00,04,15,linea_basal
1688064732,527,41,00,04,15,linea_basal
1688064769,527,42,00,04,15,linea_basal
1688067098,527,43,00,04,15,linea_basal
1688067205,527,44,00,04,15,linea_basal
1688068747,527,45,00,04,15,linea_basal
1688071413,527,46,00,04,15,linea_basal
1688071487,527,47,00,04,15,linea_basal
1688072194,527,48,00,04,15,linea_basal
1688072288,527,49,00,04,15,linea_basal
1688072708,527,50,00,04,15,linea_basal
1688076319,527,51,00,04,15,linea_basal
1688076357,527,52,00,04,15,linea_basal
1688077486,527,53,00,04,15,linea_basal
1688077490,527,54,00,04,15,linea_basal
1688077596,527,55,00,04,15,linea_basal
1688077701,527,56,00,04,15,linea_basal
1688077772,527,57,00,04,15,linea_basal
1688078006,527,58,00,04,15,linea_basal
1688078148,527,59,00,04,15,linea_basal
1688079877,527,60,00,04,15,linea_basal
1688079962,527,61,00,04,15,linea_basal
1688081415,527,62,00,04,15,linea_basal
1688081689,527,63,00,04,15,linea_basal
1688084210,527,64,00,04,15,linea_basal
1688086535,527,65,00,04,15,linea_basal
1688086570,527,66,00,04,15,linea_basal
1688086703,527,67,00,04,15,linea_basal
1688086761,527,68,00,04,15,linea_basal
1688086804,527,69,00,04,15,linea_basal
1688086877,527,70,00,04,15,linea_basal
1688096765,527,71,00,04,15,linea_basal
1688096805,527,72,00,04,15,linea_basal
1688102264,527,73,00,04,15,linea_basal
1688102331,527,74,00,04,15,linea_basal
1688102336,527,75,00,04,15,linea_basal
1688102464,527,76,00,04,15,linea_basal
1688104514,527,77,00,04,15,linea_basal
1688104550,527,78,00,04,15,linea_basal
1688104608,527,79,00,04,15,linea_basal
1688104700,527,80,00,04,15,linea_basal
1688108290,527,81,00,04,15,linea_basal
1688108323,527,82,00,04,15,linea_basal
1688108394,527,83,00,04,15,linea_basal
1688108438,527,84,00,04,15,linea_basal
1688110997,527,85,00,04,15,linea_basal
1688112242,527,86,00,04,15,linea_basal
1688112416,527,87,00,04,15,linea_basal
1688112445,527,88,00,04,15,linea_basal
1688114546,527,89,00,04,15,linea_basal
1688114889,527,90,00,04,15,linea_basal
1688118076,527,91,00,04,15,linea_basal
1688118298,527,92,00,04,15,linea_basal
1688118340,527,93,00,04,15,linea_basal
1688118370,527,94,00,04,15,linea_basal
1688118400,527,95,00,04,15,linea_basal
1688118434,527,96,00,04,15,linea_basal
1688122257,527,97,00,04,15,linea_basal
1688122295,527,98,00,04,15,linea_basal
1688122335,527,99,00,04,15,linea_basal
1688122378,527,100,00,04,15,linea_basal
1688122489,527,101,00,04,15,linea_basal
1688122561,527,102,00,04,15,linea_basal
1688126289,527,103,00,04,15,linea_basal
1688127093,527,104,00,04,15,linea_basal
1688128347,527,105,00,04,15,linea_basal
1688128388,527,106,00,04,15,linea_basal
946684814,527,01,00,04,01,linea_basal
1688200549,527,01,00,04,01,linea_basal
1688201794,527,02,00,04,01,linea_basal
1688202537,527,03,00,04,01,linea_basal
1688202566,527,04,00,04,01,linea_basal
1688202589,527,05,00,04,01,linea_basal
1688205619,527,06,00,04,01,linea_basal
1688205647,527,07,00,04,01,linea_basal
1688205685,527,08,00,04,01,linea_basal
1688205736,527,09,00,04,01,linea_basal
1688210775,527,10,00,04,01,linea_basal
1688210833,527,11,00,03,01,linea_basal
1688210861,527,12,00,04,01,linea_basal
1688210889,527,13,00,04,01,linea_basal
1688210902,527,14,00,04,01,linea_basal
1688210933,527,15,00,03,01,linea_basal
1688210976,527,16,00,04,01,linea_basal
1688215000,527,17,00,04,15,linea_basal
1688215095,527,18,00,03,15,linea_basal
1688215162,527,19,00,03,15,linea_basal
1688217185,527,20,00,03,15,linea_basal
1688217207,527,21,00,03,15,linea_basal
1688217238,527,22,00,03,15,linea_basal
1688217268,527,23,00,03,15,linea_basal
1688218925,527,24,00,03,15,linea_basal
1688220429,527,25,00,03,15,linea_basal
1688220537,527,26,00,03,15,linea_basal
1688220584,527,27,00,03,15,linea_basal
1688220630,527,28,00,03,15,linea_basal
1688220682,527,29,00,03,15,linea_basal
1688220730,527,30,00,03,15,linea_basal
1688223126,527,31,00,03,15,linea_basal
1688223227,527,32,00,03,15,linea_basal
1688223266,527,33,00,03,15,linea_basal
1688223702,527,34,00,03,15,linea_basal
1688224672,527,35,00,03,15,linea_basal
1688224814,527,36,00,03,15,linea_basal
1688224871,527,37,00,03,15,linea_basal
1688224904,527,38,00,03,15,linea_basal
1688224930,527,39,00,03,15,linea_basal
1688224984,527,40,00,03,15,linea_basal
1688226055,527,41,00,03,15,linea_basal
1688226215,527,42,00,03,15,linea_basal
1688226622,527,43,00,03,15,linea_basal
1688227613,527,44,00,03,15,linea_basal
1688227661,527,45,00,03,15,linea_basal
1688227685,527,46,00,03,15,linea_basal
1688227826,527,47,00,03,15,linea_basal
1688227946,527,48,00,03,15,linea_basal
1688227993,527,49,00,03,15,linea_basal
1688228085,527,50,00,03,15,linea_basal
1688228231,527,51,00,03,15,linea_basal
1688228273,527,52,00,03,15,linea_basal
1688228333,527,53,00,03,15,linea_basal
1688228391,527,54,00,03,15,linea_basal
1688228456,527,55,00,03,15,linea_basal
1688231185,527,56,00,03,15,linea_basal
1688232497,527,57,00,03,15,linea_basal
1688233499,527,58,00,03,15,linea_basal
1688233539,527,59,00,03,15,linea_basal
1688233593,527,60,00,03,15,linea_basal
1688233646,527,61,00,03,15,linea_basal
1688233681,527,62,00,03,15,linea_basal
1688233722,527,63,00,03,15,linea_basal
1688233743,527,64,00,03,15,linea_basal
1688235398,527,65,00,03,15,linea_basal
1688235438,527,66,00,03,15,linea_basal
1688236604,527,67,00,03,15,linea_basal
1688236852,527,68,00,03,15,linea_basal
1688238466,527,69,00,03,15,linea_basal
1688238552,527,70,00,03,15,linea_basal
1688238595,527,71,00,03,15,linea_basal
1688238669,527,72,00,03,15,linea_basal
1688240033,527,73,00,03,15,linea_basal
1688240096,527,74,00,03,15,linea_basal
1688240131,527,75,00,03,15,linea_basal
1688240161,527,76,00,03,15,linea_basal
1688240200,527,77,00,03,15,linea_basal
1688240271,527,78,00,03,15,linea_basal
1688240425,527,79,00,03,15,linea_basal
1688240722,527,80,00,03,15,linea_basal
1688240743,527,81,00,03,15,linea_basal
1688241140,527,82,00,03,15,linea_basal
1688242499,527,83,00,03,15,linea_basal
1688242556,527,84,00,03,15,linea_basal
1688242586,527,85,00,03,15,linea_basal
1688242626,527,86,00,03,15,linea_basal
1688242669,527,87,00,03,15,linea_basal
1688242712,527,88,00,03,15,linea_basal
1688242742,527,89,00,03,15,linea_basal
1688242819,527,90,00,03,15,linea_basal
1688246475,527,91,00,03,15,linea_basal
1688246640,527,92,00,03,15,linea_basal
1688247347,527,93,00,03,15,linea_basal
1688247453,527,94,00,03,15,linea_basal
1688247540,527,95,00,03,15,linea_basal
1688247663,527,96,00,03,15,linea_basal
1688247698,527,97,00,03,15,linea_basal
1688247729,527,98,00,03,15,linea_basal
1688247764,527,99,00,03,15,linea_basal
1688249160,527,100,00,03,15,linea_basal
1688249451,527,101,00,03,15,linea_basal
1688249571,527,102,00,03,15,linea_basal
1688251014,527,103,00,03,15,linea_basal
1688251055,527,104,00,03,15,linea_basal
1688251251,527,105,00,03,15,linea_basal
1688251423,527,106,00,03,15,linea_basal
1688251590,527,107,00,03,15,linea_basal
1688254582,527,108,00,03,15,linea_basal
1688254675,527,109,00,03,15,linea_basal
1688254834,527,110,00,03,15,linea_basal
1688254876,527,111,00,03,15,linea_basal
1688254940,527,112,00,03,15,linea_basal
1688255020,527,113,00,03,15,linea_basal
1688255223,527,114,00,03,15,linea_basal
1688256846,527,115,00,03,15,linea_basal
1688256926,527,116,00,03,15,linea_basal
1688257009,527,117,00,03,15,linea_basal
1688257046,527,118,00,03,15,linea_basal
1688257287,527,119,00,03,15,linea_basal
1688259756,527,120,00,03,15,linea_basal
1688259860,527,121,00,03,15,linea_basal
1688259989,527,122,00,03,15,linea_basal
1688260029,527,123,00,03,15,linea_basal
1688266366,527,124,00,03,15,linea_basal
1688266410,527,125,00,03,15,linea_basal
1688266510,527,126,00,03,15,linea_basal
1688272852,527,127,00,03,15,linea_basal
1688273020,527,128,00,03,15,linea_basal
1688277874,527,129,00,03,15,linea_basal
1688278057,527,130,00,03,15,linea_basal
1688278171,527,131,00,03,15,linea_basal
1688278263,527,132,00,03,15,linea_basal
1688283662,527,133,00,03,15,linea_basal
1688283765,527,134,00,03,15,linea_basal
1688283871,527,135,00,03,15,linea_basal
1688284060,527,136,00,03,15,linea_basal
1688287910,527,137,00,03,15,linea_basal
1688288027,527,138,00,03,15,linea_basal
1688288332,527,139,00,03,15,linea_basal
1688288367,527,140,00,03,15,linea_basal
1688291252,527,141,00,03,15,linea_basal
1688291458,527,142,00,03,15,linea_basal
1688291489,527,143,00,03,15,linea_basal
1688291549,527,144,00,03,15,linea_basal
1688291579,527,145,00,03,15,linea_basal
1688291746,527,146,00,03,15,linea_basal
1688294191,527,147,00,03,15,linea_basal
1688297030,527,148,00,03,15,linea_basal
1688297103,527,149,00,03,15,linea_basal
1688297373,527,150,00,03,15,linea_basal
1688301087,527,151,00,02,15,linea_basal
1688301251,527,152,00,02,15,linea_basal
1688301338,527,153,00,02,15,linea_basal
1688301579,527,154,00,02,15,linea_basal
946684801,527,01,00,00,01,linea_basal
1688372322,527,01,00,03,01,linea_basal
1688374057,527,02,00,02,01,linea_basal
1688374111,527,03,00,02,01,linea_basal
1688374605,527,04,00,02,01,linea_basal
1688377213,527,05,00,02,01,linea_basal
1688377563,527,06,00,02,01,linea_basal
1688377590,527,07,00,02,01,linea_basal
1688377620,527,08,00,02,01,linea_basal
1688377646,527,09,00,02,01,linea_basal
1688377699,527,10,00,02,01,linea_basal
1688377703,527,11,00,02,01,linea_basal
1688382183,527,12,00,02,01,linea_basal
1688382214,527,13,00,02,01,linea_basal
1688382245,527,14,00,02,01,linea_basal
1688384353,527,15,00,02,01,linea_basal
1688384383,527,16,00,02,01,linea_basal
1688384394,527,17,00,02,01,linea_basal
1688384439,527,18,00,02,01,linea_basal
1688384471,527,19,00,02,01,linea_basal
1688387980,527,20,00,02,15,linea_basal
1688388009,527,21,00,02,15,linea_basal
1688390001,527,22,00,02,15,linea_basal
1688390124,527,23,00,02,15,linea_basal
1688390334,527,24,00,02,15,linea_basal
1688390425,527,25,00,02,15,linea_basal
1688390497,527,26,00,02,15,linea_basal
1688392089,527,27,00,02,15,linea_basal
1688392247,527,28,00,02,15,linea_basal
1688394512,527,29,00,02,15,linea_basal
1688394629,527,30,00,02,15,linea_basal
1688395875,527,31,00,02,15,linea_basal
1688396012,527,32,00,02,15,linea_basal
1688396430,527,33,00,02,15,linea_basal
1688397538,527,34,00,02,15,linea_basal
1688397606,527,35,00,02,15,linea_basal
1688397607,527,36,00,02,15,linea_basal
1688397637,527,37,00,02,15,linea_basal
1688398835,527,38,00,02,15,linea_basal
1688398915,527,39,00,02,15,linea_basal
1688399101,527,40,00,02,15,linea_basal
1688400140,527,41,00,02,15,linea_basal
1688400219,527,42,00,02,15,linea_basal
1688400282,527,43,00,02,15,linea_basal
1688400347,527,44,00,02,15,linea_basal
1688400376,527,45,00,02,15,linea_basal
1688400470,527,46,00,02,15,linea_basal
1688402149,527,47,00,02,15,linea_basal
1688402255,527,48,00,02,15,linea_basal
1688402298,527,49,00,02,15,linea_basal
1688402389,527,50,00,02,15,linea_basal
1688402431,527,51,00,02,15,linea_basal
1688402439,527,52,00,02,15,linea_basal
1688402623,527,53,00,02,15,linea_basal
1688404041,527,54,00,02,15,linea_basal
1688404100,527,55,00,02,15,linea_basal
1688404224,527,56,00,02,15,linea_basal
1688404259,527,57,00,02,15,linea_basal
1688405204,527,58,00,02,15,linea_basal
1688405527,527,59,00,02,15,linea_basal
1688405630,527,60,00,02,15,linea_basal
1688407477,527,61,00,02,15,linea_basal
1688407516,527,62,00,02,15,linea_basal
1688407560,527,63,00,02,15,linea_basal
1688407590,527,64,00,02,15,linea_basal
1688407620,527,65,00,02,15,linea_basal
1688407689,527,66,00,02,15,linea_basal
1688407719,527,67,00,02,15,linea_basal
1688409773,527,68,00,02,15,linea_basal
1688409895,527,69,00,02,15,linea_basal
1688411979,527,70,00,02,15,linea_basal
1688412040,527,71,00,02,15,linea_basal
1688412085,527,72,00,02,15,linea_basal
1688412131,527,73,00,02,15,linea_basal
1688412248,527,74,00,02,15,linea_basal
1688413797,527,75,00,02,15,linea_basal
1688416454,527,76,00,02,15,linea_basal
1688416509,527,77,00,02,15,linea_basal
1688416614,527,78,00,02,15,linea_basal
1688416703,527,79,00,02,15,linea_basal
1688416749,527,80,00,02,15,linea_basal
1688418449,527,81,00,02,15,linea_basal
1688418474,527,82,00,02,15,linea_basal
1688418505,527,83,00,02,15,linea_basal
1688418551,527,84,00,02,15,linea_basal
1688418583,527,85,00,02,15,linea_basal
1688423326,527,86,00,02,15,linea_basal
1688423330,527,87,00,02,15,linea_basal
1688423399,527,88,00,02,15,linea_basal
1688423490,527,89,00,02,15,linea_basal
1688423608,527,90,00,02,15,linea_basal
1688425858,527,91,00,02,15,linea_basal
1688426934,527,92,00,02,15,linea_basal
1688427099,527,93,00,02,15,linea_basal
1688427185,527,94,00,02,15,linea_basal
1688427215,527,95,00,02,15,linea_basal
1688427301,527,96,00,02,15,linea_basal
1688427369,527,97,00,02,15,linea_basal
1688427399,527,98,00,02,15,linea_basal
1688427459,527,99,00,02,15,linea_basal
1688442301,527,100,00,02,15,linea_basal
1688442362,527,101,00,02,15,linea_basal
1688449785,527,102,00,02,15,linea_basal
1688449794,527,103,00,02,15,linea_basal
1688449855,527,104,00,02,15,linea_basal
1688449976,527,105,00,02,15,linea_basal
1688450014,527,106,00,02,15,linea_basal
1688450048,527,107,00,02,15,linea_basal
1688454456,527,108,00,02,15,linea_basal
1688455024,527,109,00,02,15,linea_basal
1688455027,527,110,00,02,15,linea_basal
1688455077,527,111,00,02,15,linea_basal
1688455104,527,112,00,02,15,linea_basal
1688455142,527,113,00,02,15,linea_basal
1688455172,527,114,00,02,15,linea_basal
1688460701,527,115,00,02,15,linea_basal
1688460741,527,116,00,02,15,linea_basal
1688464109,527,117,00,02,15,linea_basal
1688464250,527,118,00,02,15,linea_basal
1688464353,527,119,00,02,15,linea_basal
1688470833,527,120,00,02,15,linea_basal
1688471009,527,121,00,02,15,linea_basal
1688471066,527,122,00,02,15,linea_basal
1688471131,527,123,00,02,15,linea_basal
1688471162,527,124,00,02,15,linea_basal
1688471200,527,125,00,02,15,linea_basal
1688471231,527,126,00,02,15,linea_basal
1688471264,527,127,00,02,15,linea_basal
1688471493,527,128,00,02,15,linea_basal
946684801,527,01,00,00,01,linea_basal
946684815,527,02,00,02,01,linea_basal
946684801,527,01,00,00,01,linea_basal
1688544979,527,01,00,00,01,linea_basal
1688546510,527,02,00,04,01,linea_basal
1688546609,527,03,00,04,01,linea_basal
1688548256,527,04,00,04,01,linea_basal
1688548293,527,05,00,04,01,linea_basal
1688548329,527,06,00,04,01,linea_basal
1688548367,527,07,00,04,01,linea_basal
1688548379,527,08,00,04,01,linea_basal
1688552781,527,09,00,04,01,linea_basal
1688552854,527,10,00,04,01,linea_basal
1688552869,527,11,00,04,01,linea_basal
1688552922,527,12,00,04,01,linea_basal
1688552926,527,13,00,04,01,linea_basal
1688555667,527,14,00,04,01,linea_basal
1688555720,527,15,00,04,01,linea_basal
1688555727,527,16,00,04,01,linea_basal
1688555767,527,17,00,04,01,linea_basal
1688555772,527,18,00,04,01,linea_basal
1688555820,527,19,00,04,01,linea_basal
1688560336,527,20,00,04,15,linea_basal
1688560386,527,21,00,04,15,linea_basal
1688560411,527,22,00,04,15,linea_basal
1688560415,527,23,00,04,15,linea_basal
1688561725,527,24,00,04,15,linea_basal
1688565749,527,25,00,04,15,linea_basal
1688565910,527,26,00,04,15,linea_basal
1688569033,527,27,00,04,15,linea_basal
1688569037,527,28,00,04,15,linea_basal
1688569100,527,29,00,04,15,linea_basal
1688569148,527,30,00,04,15,linea_basal
1688570724,527,31,00,04,15,linea_basal
1688570781,527,32,00,04,15,linea_basal
1688570949,527,33,00,04,15,linea_basal
1688571956,527,34,00,04,15,linea_basal
1688572257,527,35,00,04,15,linea_basal
1688573487,527,36,00,04,15,linea_basal
1688573521,527,37,00,04,15,linea_basal
1688573546,527,38,00,04,15,linea_basal
1688573584,527,39,00,04,15,linea_basal
1688573620,527,40,00,04,15,linea_basal
1688573702,527,41,00,04,15,linea_basal
1688575472,527,42,00,04,15,linea_basal
1688575709,527,43,00,04,15,linea_basal
1688575785,527,44,00,04,15,linea_basal
1688576264,527,45,00,04,15,linea_basal
1688576268,527,46,00,04,15,linea_basal
1688576338,527,47,00,04,15,linea_basal
1688576397,527,48,00,04,15,linea_basal
1688577485,527,49,00,04,15,linea_basal
1688577562,527,50,00,04,15,linea_basal
1688577595,527,51,00,04,15,linea_basal
1688580066,527,52,00,04,15,linea_basal
1688580089,527,53,00,04,15,linea_basal
1688580111,527,54,00,04,15,linea_basal
1688580153,527,55,00,04,15,linea_basal
1688580196,527,56,00,04,15,linea_basal
1688580226,527,57,00,04,15,linea_basal
1688582714,527,58,00,04,15,linea_basal
1688582781,527,59,00,04,15,linea_basal
1688584305,527,60,00,04,15,linea_basal
1688585225,527,61,00,04,15,linea_basal
1688585321,527,62,00,04,15,linea_basal
1688585326,527,63,00,04,15,linea_basal
1688585398,527,64,00,04,15,linea_basal
1688587774,527,65,00,04,15,linea_basal
1688587800,527,66,00,04,15,linea_basal
1688590257,527,67,00,04,15,linea_basal
1688590786,527,68,00,04,15,linea_basal
1688590829,527,69,00,04,15,linea_basal
1688590852,527,70,00,04,15,linea_basal
1688590900,527,71,00,04,15,linea_basal
1688590934,527,72,00,04,15,linea_basal
1688590956,527,73,00,04,15,linea_basal
1688591000,527,74,00,04,15,linea_basal
1688592399,527,75,00,04,15,linea_basal
1688592432,527,76,00,04,15,linea_basal
1688592465,527,77,00,04,15,linea_basal
1688592534,527,78,00,04,15,linea_basal
1688595672,527,79,00,04,15,linea_basal
1688595709,527,80,00,04,15,linea_basal
1688595924,527,81,00,04,15,linea_basal
1688595957,527,82,00,04,15,linea_basal
1688596174,527,83,00,04,15,linea_basal
1688596275,527,84,00,04,15,linea_basal
1688596320,527,85,00,04,15,linea_basal
1688596345,527,86,00,04,15,linea_basal
1688599224,527,87,00,04,15,linea_basal
1688600470,527,88,00,04,15,linea_basal
1688600473,527,89,00,04,15,linea_basal
1688600520,527,90,00,04,15,linea_basal
1688600528,527,91,00,04,15,linea_basal
1688600575,527,92,00,04,15,linea_basal
1688612744,527,93,00,04,15,linea_basal
1688612777,527,94,00,04,15,linea_basal
1688612811,527,95,00,04,15,linea_basal
1688612854,527,96,00,04,15,linea_basal
1688612887,527,97,00,04,15,linea_basal
1688615577,527,98,00,04,15,linea_basal
1688615607,527,99,00,04,15,linea_basal
1688615611,527,100,00,04,15,linea_basal
1688615678,527,101,00,04,15,linea_basal
1688615723,527,102,00,04,15,linea_basal
1688615791,527,103,00,04,15,linea_basal
1688622366,527,104,00,04,15,linea_basal
1688622448,527,105,00,04,15,linea_basal
1688626945,527,106,00,04,15,linea_basal
1688627280,527,107,00,04,15,linea_basal
1688627394,527,108,00,04,15,linea_basal
1688629830,527,109,00,04,15,linea_basal
1688629965,527,110,00,04,15,linea_basal
1688631411,527,111,00,04,15,linea_basal
1688631506,527,112,00,04,15,linea_basal
1688631538,527,113,00,04,15,linea_basal
1688631569,527,114,00,04,15,linea_basal
1688631602,527,115,00,04,15,linea_basal
1688631665,527,116,00,04,15,linea_basal
1688635269,527,117,00,04,15,linea_basal
1688635297,527,118,00,04,15,linea_basal
1688635421,527,119,00,04,15,linea_basal
1688635451,527,120,00,04,15,linea_basal
1688635488,527,121,00,04,15,linea_basal
1688635519,527,122,00,04,15,linea_basal
1688639917,527,123,00,04,15,linea_basal
1688642224,527,124,00,04,15,linea_basal
1688642301,527,125,00,04,15,linea_basal
1688642622,527,126,00,04,15,linea_basal
1688644272,527,127,00,04,15,linea_basal
1688644521,527,128,00,04,15,linea_basal
1688644876,527,129,00,04,15,linea_basal
1688644910,527,130,00,04,15,linea_basal
946684802,527,01,00,00,01,linea_basal
1688994002,527,01,00,04,15,linea_basal
1688994382,527,02,00,04,15,linea_basal
1688995454,527,03,00,04,15,linea_basal
1688998058,527,04,00,04,15,linea_basal
1689000791,527,05,00,04,15,linea_basal
1689000932,527,06,00,04,15,linea_basal
1689002613,527,07,00,04,15,linea_basal
1689005041,527,08,00,04,15,linea_basal
946684801,527,01,00,00,01,linea_basal
946684816,527,02,00,04,01,linea_basal
946684821,527,03,00,04,01,linea_basal
1689167023,527,01,00,00,01,linea_basal
1689167166,527,02,00,04,15,linea_basal
1689167207,527,03,00,04,15,linea_basal
1689167538,527,04,00,04,15,linea_basal
1689169044,527,05,00,04,15,linea_basal
1689172379,527,06,00,04,15,linea_basal
1689172594,527,07,00,04,15,linea_basal
1689173185,527,08,00,04,15,linea_basal
1689174181,527,09,00,04,15,linea_basal
1689176109,527,10,00,04,15,linea_basal
1689177523,527,11,00,04,15,linea_basal
1689177650,527,12,00,04,15,linea_basal
946684801,527,01,00,00,01,linea_basal
946695348,527,01,00,00,01,linea_basal
1689339844,527,01,00,00,01,linea_basal
1689340108,527,02,00,04,15,linea_basal
1689340197,527,03,00,04,15,linea_basal
1689340296,527,04,00,04,15,linea_basal
1689340517,527,05,00,04,15,linea_basal
1689343731,527,06,00,04,15,linea_basal
1689343939,527,07,00,04,15,linea_basal
1689347918,527,08,00,04,15,linea_basal
1689351206,527,09,00,04,15,linea_basal
946684801,527,01,00,00,01,linea_basal
1689511618,527,01,00,00,01,linea_basal
1689512603,527,02,00,04,15,linea_basal
946684801,527,01,00,00,01,linea_basal
1689683690,527,01,00,04,15,linea_basal
1689689602,527,02,00,04,15,linea_basal
1689695596,527,03,00,04,15,linea_basal
946684801,527,01,00,00,01,linea_basal
1689856586,527,01,00,04,15,linea_basal
1689856716,527,01,00,04,15,linea_basal
1689862214,527,02,00,04,15,linea_basal
946684801,527,01,00,00,01,linea_basal
1690029400,527,01,00,00,01,linea_basal
1690029472,527,01,00,00,01,linea_basal
1690031516,527,02,00,04,15,linea_basal
1690032240,527,03,00,04,15,linea_basal
1690032701,527,04,00,04,15,linea_basal
1690032711,527,05,00,04,15,linea_basal
1690039385,527,06,00,04,15,linea_basal
1690040158,527,07,00,04,15,linea_basal
946684801,527,01,00,00,01,linea_basal
946685186,527,02,00,04,01,linea_basal
1690532625,527,01,00,04,01,linea_basal
1690534140,527,02,00,04,01,linea_basal
1690534199,527,03,00,04,01,linea_basal
1690534441,527,04,00,04,01,linea_basal
1690537679,527,05,00,04,01,linea_basal
1690537728,527,06,00,04,01,linea_basal
1690537746,527,07,00,04,01,linea_basal
1690542835,527,08,00,04,01,linea_basal
1690542839,527,09,00,04,01,linea_basal
1690543059,527,10,00,04,01,linea_basal
1690544289,527,11,00,04,01,linea_basal
1690544318,527,12,00,04,01,linea_basal
1690544360,527,13,00,04,01,linea_basal
1690544412,527,14,00,04,01,linea_basal
1690544473,527,15,00,04,01,linea_basal
1690544517,527,16,00,04,01,linea_basal
1690544531,527,17,00,04,01,linea_basal
1690544542,527,18,00,04,01,linea_basal
1690544552,527,19,00,04,01,linea_basal
1690544708,527,20,00,04,01,linea_basal
1690549018,527,21,00,04,15,linea_basal
1690549091,527,22,00,04,15,linea_basal
1690549130,527,23,00,04,15,linea_basal
1690549156,527,24,00,04,15,linea_basal
1690549204,527,25,00,04,15,linea_basal
1690554931,527,26,00,04,15,linea_basal
1690556017,527,27,00,04,15,linea_basal
1690556074,527,28,00,04,15,linea_basal
1690556105,527,29,00,04,15,linea_basal
1690556153,527,30,00,04,15,linea_basal
1690556177,527,31,00,04,15,linea_basal
1690556182,527,32,00,04,15,linea_basal
1690556225,527,33,00,04,15,linea_basal
1690559504,527,34,00,04,15,linea_basal
1690559556,527,35,00,04,15,linea_basal
1690559591,527,36,00,04,15,linea_basal
1690559935,527,37,00,04,15,linea_basal
1690560101,527,38,00,04,15,linea_basal
1690562515,527,39,00,04,15,linea_basal
1690562547,527,40,00,04,15,linea_basal
1690562791,527,41,00,04,15,linea_basal
1690563078,527,42,00,04,15,linea_basal
1690564744,527,43,00,04,15,linea_basal
1690564800,527,44,00,04,15,linea_basal
1690564833,527,45,00,04,15,linea_basal
1690564952,527,46,00,04,15,linea_basal
1690568054,527,47,00,04,15,linea_basal
1690568058,527,48,00,04,15,linea_basal
1690568065,527,49,00,04,15,linea_basal
1690568314,527,50,00,04,15,linea_basal
1690568485,527,51,00,04,15,linea_basal
1690569744,527,52,00,04,15,linea_basal
1690569935,527,53,00,04,15,linea_basal
1690571982,527,54,00,04,15,linea_basal
1690572173,527,55,00,04,15,linea_basal
1690572365,527,56,00,04,15,linea_basal
1690572369,527,57,00,04,15,linea_basal
1690572471,527,58,00,04,15,linea_basal
1690578405,527,59,00,04,15,linea_basal
1690579604,527,60,00,04,15,linea_basal
1690579658,527,61,00,04,15,linea_basal
1690579731,527,62,00,04,15,linea_basal
1690579769,527,63,00,04,15,linea_basal
1690579857,527,64,00,04,15,linea_basal
1690581797,527,65,00,04,15,linea_basal
1690581854,527,66,00,04,15,linea_basal
1690585180,527,67,00,04,15,linea_basal
1690585239,527,68,00,04,15,linea_basal
1690585274,527,69,00,04,15,linea_basal
1690585365,527,70,00,04,15,linea_basal
1690585442,527,71,00,04,15,linea_basal
1690585690,527,72,00,04,15,linea_basal
1690585778,527,73,00,04,15,linea_basal
1690589578,527,74,00,04,15,linea_basal
1690589611,527,75,00,04,15,linea_basal
1690589637,527,76,00,04,15,linea_basal
1690589699,527,77,00,04,15,linea_basal
1690589899,527,78,00,04,15,linea_basal
1690590291,527,79,00,04,15,linea_basal
1690590323,527,80,00,04,15,linea_basal
1690595690,527,81,00,04,15,linea_basal
1690595738,527,82,00,04,15,linea_basal
1690595815,527,83,00,04,15,linea_basal
1690595916,527,84,00,04,15,linea_basal
1690601263,527,85,00,04,15,linea_basal
1690601429,527,86,00,04,15,linea_basal
1690601433,527,87,00,04,15,linea_basal
1690601477,527,88,00,04,15,linea_basal
1690601512,527,89,00,04,15,linea_basal
1690601533,527,90,00,04,15,linea_basal
1690607173,527,91,00,04,15,linea_basal
1690607606,527,92,00,03,15,linea_basal
1690607640,527,93,00,04,15,linea_basal
1690611607,527,94,00,03,15,linea_basal
1690611637,527,95,00,03,15,linea_basal
1690611697,527,96,00,03,15,linea_basal
1690611743,527,97,00,03,15,linea_basal
1690611814,527,98,00,03,15,linea_basal
1690617169,527,99,00,03,15,linea_basal
1690617212,527,100,00,03,15,linea_basal
1690617367,527,101,00,03,15,linea_basal
1690623186,527,102,00,03,15,linea_basal
1690623235,527,103,00,03,15,linea_basal
1690623272,527,104,00,03,15,linea_basal
1690623522,527,105,00,03,15,linea_basal
1690623526,527,106,00,03,15,linea_basal
1690623645,527,107,00,03,15,linea_basal
1690628937,527,108,00,03,15,linea_basal
1690630320,527,109,00,03,15,linea_basal
1690630363,527,110,00,03,15,linea_basal
1690630406,527,111,00,03,15,linea_basal
1690630450,527,112,00,03,15,linea_basal
1690630471,527,113,00,03,15,linea_basal
1690632398,527,114,00,03,15,linea_basal
1690632446,527,115,00,03,15,linea_basal
1690632469,527,116,00,03,15,linea_basal
1690632521,527,117,00,03,15,linea_basal
946684801,527,01,00,00,01,linea_basal
1690705985,527,01,00,00,01,linea_basal
1690707872,527,02,00,03,01,linea_basal
1690708874,527,03,00,03,01,linea_basal
1690709002,527,04,00,03,01,linea_basal
1690709056,527,05,00,03,01,linea_basal
1690709120,527,06,00,03,01,linea_basal
1690711969,527,07,00,03,01,linea_basal
1690714836,527,08,00,03,01,linea_basal
1690714973,527,09,00,03,01,linea_basal
1690715011,527,10,00,03,01,linea_basal
1690715071,527,11,00,03,01,linea_basal
1690715506,527,12,00,03,01,linea_basal
1690718820,527,13,00,03,15,linea_basal
1690718874,527,14,00,03,15,linea_basal
1690718922,527,15,00,03,15,linea_basal
1690720121,527,16,00,03,15,linea_basal
1690721747,527,17,00,03,15,linea_basal
1690722698,527,18,00,03,15,linea_basal
1690722757,527,19,00,03,15,linea_basal
1690722785,527,20,00,03,15,linea_basal
1690724364,527,21,00,03,15,linea_basal
1690724436,527,22,00,03,15,linea_basal
1690725518,527,23,00,03,15,linea_basal
1690725989,527,24,00,03,15,linea_basal
1690726108,527,25,00,03,15,linea_basal
1690726472,527,26,00,03,15,linea_basal
1690726970,527,27,00,03,15,linea_basal
1690727712,527,28,00,03,15,linea_basal
1690728631,527,29,00,03,15,linea_basal
1690728773,527,30,00,03,15,linea_basal
1690729219,527,31,00,03,15,linea_basal
1690729631,527,32,00,03,15,linea_basal
1690729768,527,33,00,03,15,linea_basal
1690730103,527,34,00,03,15,linea_basal
1690730710,527,35,00,03,15,linea_basal
1690731304,527,36,00,03,15,linea_basal
1690731363,527,37,00,03,15,linea_basal
1690731430,527,38,00,03,15,linea_basal
1690731632,527,39,00,03,15,linea_basal
1690732891,527,40,00,03,15,linea_basal
1690733154,527,41,00,03,15,linea_basal
1690733465,527,42,00,03,15,linea_basal
1690735632,527,43,00,03,15,linea_basal
1690735750,527,44,00,03,15,linea_basal
1690735817,527,45,00,03,15,linea_basal
1690735932,527,46,00,03,15,linea_basal
1690737152,527,47,00,03,15,linea_basal
1690737245,527,48,00,03,15,linea_basal
1690737367,527,49,00,03,15,linea_basal
1690737426,527,50,00,03,15,linea_basal
1690737576,527,51,00,03,15,linea_basal
1690737617,527,52,00,03,15,linea_basal
1690737823,527,53,00,03,15,linea_basal
1690737873,527,54,00,03,15,linea_basal
1690737930,527,55,00,03,15,linea_basal
1690738762,527,56,00,03,15,linea_basal
1690738802,527,57,00,03,15,linea_basal
1690738823,527,58,00,03,15,linea_basal
1690738877,527,59,00,03,15,linea_basal
1690741382,527,60,00,03,15,linea_basal
1690741609,527,61,00,03,15,linea_basal
1690742807,527,62,00,03,15,linea_basal
1690742904,527,63,00,03,15,linea_basal
1690744020,527,64,00,03,15,linea_basal
1690746639,527,65,00,03,15,linea_basal
1690746767,527,66,00,03,15,linea_basal
1690746851,527,67,00,03,15,linea_basal
1690746918,527,68,00,03,15,linea_basal
1690747016,527,69,00,03,15,linea_basal
1690747262,527,70,00,03,15,linea_basal
1690749118,527,71,00,03,15,linea_basal
1690749410,527,72,00,03,15,linea_basal
1690749918,527,73,00,03,15,linea_basal
1690750525,527,74,00,03,15,linea_basal
1690750576,527,75,00,03,15,linea_basal
1690750604,527,76,00,03,15,linea_basal
1690753728,527,77,00,03,15,linea_basal
1690754076,527,78,00,03,15,linea_basal
1690754107,527,79,00,03,15,linea_basal
1690755840,527,80,00,03,15,linea_basal
1690755932,527,81,00,03,15,linea_basal
1690755992,527,82,00,03,15,linea_basal
1690756064,527,83,00,03,15,linea_basal
1690756090,527,84,00,03,15,linea_basal
1690756122,527,85,00,03,15,linea_basal
1690756160,527,86,00,03,15,linea_basal
1690756566,527,87,00,03,15,linea_basal
1690756612,527,88,00,03,15,linea_basal
1690756633,527,89,00,03,15,linea_basal
1690756669,527,90,00,03,15,linea_basal
1690756673,527,91,00,03,15,linea_basal
1690759617,527,92,00,03,15,linea_basal
1690759697,527,93,00,03,15,linea_basal
1690759800,527,94,00,03,15,linea_basal
1690759820,527,95,00,03,15,linea_basal
1690760081,527,96,00,03,15,linea_basal
1690760423,527,97,00,03,15,linea_basal
1690760444,527,98,00,03,15,linea_basal
1690762245,527,99,00,03,15,linea_basal
1690762597,527,100,00,03,15,linea_basal
1690766133,527,101,00,03,15,linea_basal
1690766238,527,102,00,03,15,linea_basal
1690770560,527,103,00,03,15,linea_basal
1690770670,527,104,00,03,15,linea_basal
1690770969,527,105,00,03,15,linea_basal
1690774832,527,106,00,03,15,linea_basal
1690775133,527,107,00,03,15,linea_basal
1690780299,527,108,00,03,15,linea_basal
1690780371,527,109,00,03,15,linea_basal
1690780432,527,110,00,03,15,linea_basal
1690780470,527,111,00,03,15,linea_basal
1690780504,527,112,00,03,15,linea_basal
1690780547,527,113,00,03,15,linea_basal
1690786488,527,114,00,03,15,linea_basal
1690786540,527,115,00,03,15,linea_basal
1690786609,527,116,00,03,15,linea_basal
1690786675,527,117,00,03,15,linea_basal
1690786697,527,118,00,03,15,linea_basal
1690791098,527,119,00,03,15,linea_basal
1690791141,527,120,00,03,15,linea_basal
1690794402,527,121,00,03,15,linea_basal
1690794564,527,122,00,03,15,linea_basal
1690794624,527,123,00,03,15,linea_basal
1690797330,527,124,00,03,15,linea_basal
1690797435,527,125,00,03,15,linea_basal
1690797491,527,126,00,03,15,linea_basal
1690800354,527,127,00,03,15,linea_basal
1690800598,527,128,00,03,15,linea_basal
1690802279,527,129,00,03,15,linea_basal
1690802793,527,130,00,03,15,linea_basal
1690802838,527,131,00,03,15,linea_basal
1690802881,527,132,00,03,15,linea_basal
1690802915,527,133,00,03,15,linea_basal
1690806950,527,134,00,02,15,linea_basal
